{
  "hash": "cb942f5d",
  "configHash": "142aecb0",
  "lockfileHash": "6f123b01",
  "browserHash": "e8557fbb",
  "optimized": {
    "@angular/core": {
      "src": "../../../../../../node_modules/@angular/core/fesm2022/core.mjs",
      "file": "@angular_core.js",
      "fileHash": "271e7d89",
      "needsInterop": false
    },
    "@angular/platform-browser": {
      "src": "../../../../../../node_modules/@angular/platform-browser/fesm2022/platform-browser.mjs",
      "file": "@angular_platform-browser.js",
      "fileHash": "db15c81b",
      "needsInterop": false
    },
    "@angular/router": {
      "src": "../../../../../../node_modules/@angular/router/fesm2022/router.mjs",
      "file": "@angular_router.js",
      "fileHash": "42770600",
      "needsInterop": false
    },
    "@angular/common": {
      "src": "../../../../../../node_modules/@angular/common/fesm2022/common.mjs",
      "file": "@angular_common.js",
      "fileHash": "56fb694f",
      "needsInterop": false
    }
  },
  "chunks": {
    "chunk-DUVXK7QC": {
      "file": "chunk-DUVXK7QC.js"
    },
    "chunk-Y2U6TCU2": {
      "file": "chunk-Y2U6TCU2.js"
    },
    "chunk-KT3ROZER": {
      "file": "chunk-KT3ROZER.js"
    }
  }
}