{
  "hash": "9f539abc",
  "configHash": "de2d0c56",
  "lockfileHash": "dc395da2",
  "browserHash": "cc9e87d4",
  "optimized": {
    "@angular/common": {
      "src": "../../../../../../node_modules/@angular/common/fesm2022/common.mjs",
      "file": "@angular_common.js",
      "fileHash": "be9d48d4",
      "needsInterop": false
    },
    "@angular/common/http": {
      "src": "../../../../../../node_modules/@angular/common/fesm2022/http.mjs",
      "file": "@angular_common_http.js",
      "fileHash": "f85fc56b",
      "needsInterop": false
    },
    "@angular/core": {
      "src": "../../../../../../node_modules/@angular/core/fesm2022/core.mjs",
      "file": "@angular_core.js",
      "fileHash": "43283ea6",
      "needsInterop": false
    },
    "@angular/platform-browser": {
      "src": "../../../../../../node_modules/@angular/platform-browser/fesm2022/platform-browser.mjs",
      "file": "@angular_platform-browser.js",
      "fileHash": "75559272",
      "needsInterop": false
    },
    "@angular/router": {
      "src": "../../../../../../node_modules/@angular/router/fesm2022/router.mjs",
      "file": "@angular_router.js",
      "fileHash": "5ad3fbc2",
      "needsInterop": false
    }
  },
  "chunks": {
    "chunk-X2WNGX7F": {
      "file": "chunk-X2WNGX7F.js"
    },
    "chunk-YO4KJRPS": {
      "file": "chunk-YO4KJRPS.js"
    },
    "chunk-4263M7TP": {
      "file": "chunk-4263M7TP.js"
    },
    "chunk-2XD5Y3L2": {
      "file": "chunk-2XD5Y3L2.js"
    },
    "chunk-2M4UMX5N": {
      "file": "chunk-2M4UMX5N.js"
    }
  }
}