{
  "hash": "33d17498",
  "configHash": "a2860a85",
  "lockfileHash": "4007544c",
  "browserHash": "7a632a50",
  "optimized": {
    "@angular/core": {
      "src": "../../../../../../node_modules/@angular/core/fesm2022/core.mjs",
      "file": "@angular_core.js",
      "fileHash": "9fb9451b",
      "needsInterop": false
    },
    "@angular/forms": {
      "src": "../../../../../../node_modules/@angular/forms/fesm2022/forms.mjs",
      "file": "@angular_forms.js",
      "fileHash": "50b97107",
      "needsInterop": false
    },
    "@angular/platform-browser": {
      "src": "../../../../../../node_modules/@angular/platform-browser/fesm2022/platform-browser.mjs",
      "file": "@angular_platform-browser.js",
      "fileHash": "554ca0ed",
      "needsInterop": false
    },
    "@angular/router": {
      "src": "../../../../../../node_modules/@angular/router/fesm2022/router.mjs",
      "file": "@angular_router.js",
      "fileHash": "3c220aec",
      "needsInterop": false
    }
  },
  "chunks": {
    "chunk-GG7B7IAB": {
      "file": "chunk-GG7B7IAB.js"
    },
    "chunk-ETIW6Y7W": {
      "file": "chunk-ETIW6Y7W.js"
    },
    "chunk-LEHRZ7IK": {
      "file": "chunk-LEHRZ7IK.js"
    }
  }
}