{
  "hash": "fc4858f7",
  "configHash": "d244c658",
  "lockfileHash": "fbe58db2",
  "browserHash": "f732e9e0",
  "optimized": {
    "@angular/common": {
      "src": "../../../../../../node_modules/@angular/common/fesm2022/common.mjs",
      "file": "@angular_common.js",
      "fileHash": "9db30590",
      "needsInterop": false
    },
    "@angular/core": {
      "src": "../../../../../../node_modules/@angular/core/fesm2022/core.mjs",
      "file": "@angular_core.js",
      "fileHash": "87667aa5",
      "needsInterop": false
    },
    "@angular/platform-browser": {
      "src": "../../../../../../node_modules/@angular/platform-browser/fesm2022/platform-browser.mjs",
      "file": "@angular_platform-browser.js",
      "fileHash": "fea7a25c",
      "needsInterop": false
    },
    "@angular/router": {
      "src": "../../../../../../node_modules/@angular/router/fesm2022/router.mjs",
      "file": "@angular_router.js",
      "fileHash": "971980b7",
      "needsInterop": false
    }
  },
  "chunks": {
    "chunk-4ZBN2MQ2": {
      "file": "chunk-4ZBN2MQ2.js"
    },
    "chunk-JSWMW3KL": {
      "file": "chunk-JSWMW3KL.js"
    },
    "chunk-2WBDY7DO": {
      "file": "chunk-2WBDY7DO.js"
    }
  }
}